Date,"Fase, banco, y malla programada",Estado / Motivo de suspensión,Hora de ejecución,URL
01-09-2023,Fase 06 Banco 970 Mallas 04k-07c-18a,Ejecutada,13:04,https://pdaandacollo.teck.com/services/api/FileDownload/?filePath=\\Registro%20Acierto%20de%20Tronadura%20Teck%20CDA\2023\09.%20Septiembre\Registro%20tronadura%20realizada%2001.09.2023.pdf
02-09-2023,Fase 06 Banco 970 Mallas 17d-18b-19a,Ejecutada,12:18,https://pdaandacollo.teck.com/services/api/FileDownload/?filePath=\\Registro%20Acierto%20de%20Tronadura%20Teck%20CDA\2023\09.%20Septiembre\Registro%20tronadura%20realizada%2002.09.2023.pdf
04-09-2023,Fase 07 Banco 990 Malla 9A,Ejecutada,15:29,https://pdaandacollo.teck.com/services/api/FileDownload/?filePath=\\Registro%20Acierto%20de%20Tronadura%20Teck%20CDA\2023\09.%20Septiembre\Registro%20tronadura%20realizada%2004.09.2023.pdf
04-09-2023,Fase 07 Banco 1000 Malla 6C-7A,Ejecutada,15:32,https://pdaandacollo.teck.com/services/api/FileDownload/?filePath=\\Registro%20Acierto%20de%20Tronadura%20Teck%20CDA\2023\09.%20Septiembre\Registro%20tronadura%20realizada%2004.09.2023.pdf
05-09-2023,Fase 06 Banco 980 Malla 20E-23A,Ejecutada,12:54,https://pdaandacollo.teck.com/services/api/FileDownload/?filePath=\\Registro%20Acierto%20de%20Tronadura%20Teck%20CDA\2023\09.%20Septiembre\Registro%20tronadura%20realizada%2005.09.2023.pdf
05-09-2023,Fase 06 Banco 980 Malla Precorte,Ejecutada,12:54,https://pdaandacollo.teck.com/services/api/FileDownload/?filePath=\\Registro%20Acierto%20de%20Tronadura%20Teck%20CDA\2023\09.%20Septiembre\Registro%20tronadura%20realizada%2005.09.2023.pdf
06-09-2023,Fase 07 Banco 1000 Malla 12A,Ejecutada,12:43,https://pdaandacollo.teck.com/services/api/FileDownload/?filePath=\\Registro%20Acierto%20de%20Tronadura%20Teck%20CDA\2023\09.%20Septiembre\Registro%20tronadura%20realizada%2006.09.2023.pdf
07-09-2023,Fase 07 Banco 990 Mallas 07b-08a,Ejecutada,13:08,https://pdaandacollo.teck.com/services/api/FileDownload/?filePath=\\Registro%20Acierto%20de%20Tronadura%20Teck%20CDA\2023\09.%20Septiembre\Registro%20tronadura%20realizada%2007-09-2023.pdf
08-09-2023,Fase 07 Banco 990 Mallas 06d-07c,Ejecutada,13:40,https://pdaandacollo.teck.com/services/api/FileDownload/?filePath=\\Registro%20Acierto%20de%20Tronadura%20Teck%20CDA\2023\09.%20Septiembre\Registro%20tronadura%20realizada%2008-09-2023.pdf
09-09-2023,Fase 07 Banco 990 Mallas 07d-08b,Ejecutada,13:35,https://pdaandacollo.teck.com/services/api/FileDownload/?filePath=\\Registro%20Acierto%20de%20Tronadura%20Teck%20CDA\2023\09.%20Septiembre\Registro%20tronadura%20realizada%2009-09-2023.pdf
12-09-2023,Fase 06 Banco 980 Malla 24A-25A,Ejecutada,12:32,https://pdaandacollo.teck.com/services/api/FileDownload/?filePath=\\Registro%20Acierto%20de%20Tronadura%20Teck%20CDA\2023\09.%20Septiembre\Registro%20tronadura%20realizada%2012-09-2023.pdf
12-09-2023,Fase 06 Banco 980 Malla Precorte,Ejecutada,12:32,https://pdaandacollo.teck.com/services/api/FileDownload/?filePath=\\Registro%20Acierto%20de%20Tronadura%20Teck%20CDA\2023\09.%20Septiembre\Registro%20tronadura%20realizada%2012-09-2023.pdf
12-09-2023,Fase 06 Banco 970 Malla 15C-16C-17E,Ejecutada,12:38,https://pdaandacollo.teck.com/services/api/FileDownload/?filePath=\\Registro%20Acierto%20de%20Tronadura%20Teck%20CDA\2023\09.%20Septiembre\Registro%20tronadura%20realizada%2012-09-2023.pdf
12-09-2023,Fase 07 Banco 1000 Malla 8B-11A,Suspendida por condición de viento,17:00,https://pdaandacollo.teck.com/services/api/FileDownload/?filePath=\\Registro%20Acierto%20de%20Tronadura%20Teck%20CDA\2023\09.%20Septiembre\Registro%20tronadura%20realizada%2012-09-2023.pdf
12-09-2023,Fase 07 Banco 1000 Malla Precorte,Suspendida por condición de viento,17:00,https://pdaandacollo.teck.com/services/api/FileDownload/?filePath=\\Registro%20Acierto%20de%20Tronadura%20Teck%20CDA\2023\09.%20Septiembre\Registro%20tronadura%20realizada%2012-09-2023.pdf
13-09-2023,Fase 07 Banco 1000 Malla 8B-11A,Ejecutada,12:38,https://pdaandacollo.teck.com/services/api/FileDownload/?filePath=\\Registro%20Acierto%20de%20Tronadura%20Teck%20CDA\2023\09.%20Septiembre\Registro%20tronadura%20realizada%2013-09-2023.pdf
21-09-2023,Fase 07 Banco 980 Malla 2A-3A-4A,Ejecutada,11:00,https://pdaandacollo.teck.com/services/api/FileDownload/?filePath=\\Registro%20Acierto%20de%20Tronadura%20Teck%20CDA\2023\09.%20Septiembre\Registro%20tronadura%20realizada%2021.09.2023.pdf
21-09-2023,Fase 07 Banco 990 Malla 5C-6E-7E-8C,Ejecutada,11:00,https://pdaandacollo.teck.com/services/api/FileDownload/?filePath=\\Registro%20Acierto%20de%20Tronadura%20Teck%20CDA\2023\09.%20Septiembre\Registro%20tronadura%20realizada%2021.09.2023.pdf
21-09-2023,Fase 07 Banco 1000 Malla 8C-10A-11B,Ejecutada,11:00,https://pdaandacollo.teck.com/services/api/FileDownload/?filePath=\\Registro%20Acierto%20de%20Tronadura%20Teck%20CDA\2023\09.%20Septiembre\Registro%20tronadura%20realizada%2021.09.2023.pdf
21-09-2023,Fase 06 Banco 980 Malla 24B,Ejecutada,11:13,https://pdaandacollo.teck.com/services/api/FileDownload/?filePath=\\Registro%20Acierto%20de%20Tronadura%20Teck%20CDA\2023\09.%20Septiembre\Registro%20tronadura%20realizada%2021.09.2023.pdf
21-09-2023,Fase 06 Banco 970 Malla 17F-19B,Ejecutada,11:17,https://pdaandacollo.teck.com/services/api/FileDownload/?filePath=\\Registro%20Acierto%20de%20Tronadura%20Teck%20CDA\2023\09.%20Septiembre\Registro%20tronadura%20realizada%2021.09.2023.pdf
22-09-2023,Fase 07 Banco 990 Malla 4B-5D-9A,Ejecutada,13:44,https://pdaandacollo.teck.com/services/api/FileDownload/?filePath=\\Registro%20Acierto%20de%20Tronadura%20Teck%20CDA\2023\09.%20Septiembre\Registro%20tronadura%20realizada%2022.09.2023.pdf
22-09-2023,Fase 07 Banco 990 Malla Precorte,Ejecutada,13:44,https://pdaandacollo.teck.com/services/api/FileDownload/?filePath=\\Registro%20Acierto%20de%20Tronadura%20Teck%20CDA\2023\09.%20Septiembre\Registro%20tronadura%20realizada%2022.09.2023.pdf
23-09-2023,Fase 07 Banco 990 Mallas 05e-06f-07f-09b,Ejecutada,12:48,https://pdaandacollo.teck.com/services/api/FileDownload/?filePath=\\Registro%20Acierto%20de%20Tronadura%20Teck%20CDA\2023\09.%20Septiembre\Registro%20tronadura%20realizada%2023-09-2023.pdf
23-09-2023,Fase 07 Banco 990 Mallas precorte,Ejecutada,12:48,https://pdaandacollo.teck.com/services/api/FileDownload/?filePath=\\Registro%20Acierto%20de%20Tronadura%20Teck%20CDA\2023\09.%20Septiembre\Registro%20tronadura%20realizada%2023-09-2023.pdf
25-09-2023,Fase 07 Banco 990 Mallas 07g-08d,Ejecutada,11:57,https://pdaandacollo.teck.com/services/api/FileDownload/?filePath=\\Registro%20Acierto%20de%20Tronadura%20Teck%20CDA\2023\09.%20Septiembre\Registro%20tronadura%20realizada%2025-09-2023.pdf
25-09-2023,Fase 06 Banco 970 Mallas  19c-20a-21a,Ejecutada,12:03,https://pdaandacollo.teck.com/services/api/FileDownload/?filePath=\\Registro%20Acierto%20de%20Tronadura%20Teck%20CDA\2023\09.%20Septiembre\Registro%20tronadura%20realizada%2025-09-2023.pdf
26-09-2023,Fase 07 Banco 980 malla 01a-02b,Ejecutada,13:42,https://pdaandacollo.teck.com/services/api/FileDownload/?filePath=\\Registro%20Acierto%20de%20Tronadura%20Teck%20CDA\2023\09.%20Septiembre\Registro%20tronadura%20realizada%2026-09-2023.pdf
27-09-2023,Fase 07 Banco 980 Malla 2C-3B,Ejecutada,12:19,https://pdaandacollo.teck.com/services/api/FileDownload/?filePath=\\Registro%20Acierto%20de%20Tronadura%20Teck%20CDA\2023\09.%20Septiembre\Registro%20tronadura%20realizada%2027.09.2023.pdf
28-09-2023,Fase 06 Banco 970 Malla 17G-19D-20B,Ejecutada,11:49,https://pdaandacollo.teck.com/services/api/FileDownload/?filePath=\\Registro%20Acierto%20de%20Tronadura%20Teck%20CDA\2023\09.%20Septiembre\Registro%20tronadura%20realizada%2028.09.2023.pdf
29-09-2023,Fase 07 Banco 990 Malla 8E-10A,Ejecutada,12:28,https://pdaandacollo.teck.com/services/api/FileDownload/?filePath=\\Registro%20Acierto%20de%20Tronadura%20Teck%20CDA\2023\09.%20Septiembre\Registro%20tronadura%20realizada%2029.09.2023.pdf
29-09-2023,Fase 07 Banco 980 Malla 2D-3C,Suspendida por condición de viento,17:30,https://pdaandacollo.teck.com/services/api/FileDownload/?filePath=\\Registro%20Acierto%20de%20Tronadura%20Teck%20CDA\2023\09.%20Septiembre\Registro%20tronadura%20realizada%2029.09.2023.pdf
02-10-2023,Fase 06 Banco 970 Malla 19E-20C,Ejecutada,16:00,https://pdaandacollo.teck.com/services/api/FileDownload/?filePath=\\Registro%20Acierto%20de%20Tronadura%20Teck%20CDA\2023\10.%20Octubre\Registro%20tronadura%20realizada%2002-10-2023.pdf
02-10-2023,Fase 07 Banco 980 Malla 2D-3C,Ejecutada,15:54,https://pdaandacollo.teck.com/services/api/FileDownload/?filePath=\\Registro%20Acierto%20de%20Tronadura%20Teck%20CDA\2023\10.%20Octubre\Registro%20tronadura%20realizada%2002-10-2023.pdf
02-10-2023,Fase 07 Banco 990 Malla 9B-13A,Ejecutada,15:54,https://pdaandacollo.teck.com/services/api/FileDownload/?filePath=\\Registro%20Acierto%20de%20Tronadura%20Teck%20CDA\2023\10.%20Octubre\Registro%20tronadura%20realizada%2002-10-2023.pdf
02-10-2023,Fase 07 Banco 990 Malla Precorte,Ejecutada,15:54,https://pdaandacollo.teck.com/services/api/FileDownload/?filePath=\\Registro%20Acierto%20de%20Tronadura%20Teck%20CDA\2023\10.%20Octubre\Registro%20tronadura%20realizada%2002-10-2023.pdf
04-10-2023,Fase 06 Banco 970 Malla 19F-20D-21B,Ejecutada,12:56,https://pdaandacollo.teck.com/services/api/FileDownload/?filePath=\\Registro%20Acierto%20de%20Tronadura%20Teck%20CDA\2023\10.%20Octubre\Registro%20tronadura%20realizada%2004-10-2023.pdf
05-10-2023,Fase 07 Banco 990 Malla 8F,Ejecutada,13:39,https://pdaandacollo.teck.com/services/api/FileDownload/?filePath=\\Registro%20Acierto%20de%20Tronadura%20Teck%20CDA\2023\10.%20Octubre\Registro%20tronadura%20realizada%2005-10-2023.pdf
06-10-2023,Fase 07 Banco 980 Malla 3D-4B,Ejecutada,12:49,https://pdaandacollo.teck.com/services/api/FileDownload/?filePath=\\Registro%20Acierto%20de%20Tronadura%20Teck%20CDA\2023\10.%20Octubre\Registro%20tronadura%20realizada%2006-10-2023.pdf
10-10-2023,Fase 07 Banco 980 Malla 2E-3E-4C,Ejecutada,11:12,https://pdaandacollo.teck.com/services/api/FileDownload/?filePath=\\Registro%20Acierto%20de%20Tronadura%20Teck%20CDA\2023\10.%20Octubre\Registro%20tronadura%20realizada%2010-10-2023.pdf
10-10-2023,Fase 07 Banco 990 Malla 100,Ejecutada,11:18,https://pdaandacollo.teck.com/services/api/FileDownload/?filePath=\\Registro%20Acierto%20de%20Tronadura%20Teck%20CDA\2023\10.%20Octubre\Registro%20tronadura%20realizada%2010-10-2023.pdf
11-10-2023,Fase 07 Banco 980 Malla 4C,Ejecutada,12:09,https://pdaandacollo.teck.com/services/api/FileDownload/?filePath=\\Registro%20Acierto%20de%20Tronadura%20Teck%20CDA\2023\10.%20Octubre\Registro%20tronadura%20realizada%2011-10-2023.pdf
13-10-2023,Fase 7 Banco 980 Mallas 3f-4d,360 N,14:27,https://pdaandacollo.teck.com/services/api/FileDownload/?filePath=\\Registro%20Acierto%20de%20Tronadura%20Teck%20CDA\2023\10.%20Octubre\Registro%20tronadura%20realizada%2013-10-2023.pdf
14-10-2023,Fase 07 Banco 990 Malla 12A,Ejecutada,12:03,https://pdaandacollo.teck.com/services/api/FileDownload/?filePath=\\Registro%20Acierto%20de%20Tronadura%20Teck%20CDA\2023\10.%20Octubre\Registro%20tronadura%20realizada%2014-10-%202023.pdf
14-10-2023,Fase 07 Banco 980 Malla 5A,Suspendida por condición operacional,13:00,https://pdaandacollo.teck.com/services/api/FileDownload/?filePath=\\Registro%20Acierto%20de%20Tronadura%20Teck%20CDA\2023\10.%20Octubre\Registro%20tronadura%20realizada%2014-10-%202023.pdf
14-10-2023,Fase 07 Banco 980 Malla Precorte,Suspendida por condición operacional,13:00,https://pdaandacollo.teck.com/services/api/FileDownload/?filePath=\\Registro%20Acierto%20de%20Tronadura%20Teck%20CDA\2023\10.%20Octubre\Registro%20tronadura%20realizada%2014-10-%202023.pdf
16-10-2023,Fase 07 Banco 980 Malla 5A,Ejecutada,13:35,https://pdaandacollo.teck.com/services/api/FileDownload/?filePath=\\Registro%20Acierto%20de%20Tronadura%20Teck%20CDA\2023\10.%20Octubre\Registro%20tronadura%20realizada%2016-10-2023.pdf
16-10-2023,Fase 07 Banco 980 Malla Precorte,Ejecutada,13:35,https://pdaandacollo.teck.com/services/api/FileDownload/?filePath=\\Registro%20Acierto%20de%20Tronadura%20Teck%20CDA\2023\10.%20Octubre\Registro%20tronadura%20realizada%2016-10-2023.pdf
16-10-2023,Fase 07 Banco 990 Malla 13B,Ejecutada,13:39,https://pdaandacollo.teck.com/services/api/FileDownload/?filePath=\\Registro%20Acierto%20de%20Tronadura%20Teck%20CDA\2023\10.%20Octubre\Registro%20tronadura%20realizada%2016-10-2023.pdf
17-10-2023,Fase 07 Banco 980 Malla 1B,Ejecutada,14:00,https://pdaandacollo.teck.com/services/api/FileDownload/?filePath=\\Registro%20Acierto%20de%20Tronadura%20Teck%20CDA\2023\10.%20Octubre\Registro%20tronadura%20realizada%2017-10-2023.pdf
17-10-2023,Fase 06 Banco 970 Malla 17H-22A-23A,Suspendida por condición operacional,17:30,https://pdaandacollo.teck.com/services/api/FileDownload/?filePath=\\Registro%20Acierto%20de%20Tronadura%20Teck%20CDA\2023\10.%20Octubre\Registro%20tronadura%20realizada%2017-10-2023.pdf
19-10-2023,Fase 07 Banco 980 Malla 5B,Ejecutada,11:34,https://pdaandacollo.teck.com/services/api/FileDownload/?filePath=\\Registro%20Acierto%20de%20Tronadura%20Teck%20CDA\2023\10.%20Octubre\Registro%20tronadura%20realizada%2019-10-2023.pdf
19-10-2023,Fase 07 Banco 980 Malla Precorte,Ejecutada,11:34,https://pdaandacollo.teck.com/services/api/FileDownload/?filePath=\\Registro%20Acierto%20de%20Tronadura%20Teck%20CDA\2023\10.%20Octubre\Registro%20tronadura%20realizada%2019-10-2023.pdf
19-10-2023,Fase 06 Banco 970 Malla 17H-22A-23A,Ejecutada,11:39,https://pdaandacollo.teck.com/services/api/FileDownload/?filePath=\\Registro%20Acierto%20de%20Tronadura%20Teck%20CDA\2023\10.%20Octubre\Registro%20tronadura%20realizada%2019-10-2023.pdf
19-10-2023,Fase 07 Banco 980 Malla 4E,Suspendida por condición operacional,16:30,https://pdaandacollo.teck.com/services/api/FileDownload/?filePath=\\Registro%20Acierto%20de%20Tronadura%20Teck%20CDA\2023\10.%20Octubre\Registro%20tronadura%20realizada%2019-10-2023.pdf
20-10-2023,Fase 07 Banco 980 Malla 4E,Ejecutada,15:40,https://pdaandacollo.teck.com/services/api/FileDownload/?filePath=\\Registro%20Acierto%20de%20Tronadura%20Teck%20CDA\2023\10.%20Octubre\Registro%20tronadura%20realizada%2020-10-2023.pdf
23-10-2023,Fase 07 Banco 980 Malla 4F,Ejecutada,11:54,https://pdaandacollo.teck.com/services/api/FileDownload/?filePath=\\Registro%20Acierto%20de%20Tronadura%20Teck%20CDA\2023\10.%20Octubre\Registro%20tronadura%20realizada%2023-10-2023.pdf
25-10-2023,Fase 07 Banco 980 malla 01c,Ejecutada,10:36,https://pdaandacollo.teck.com/services/api/FileDownload/?filePath=\\Registro%20Acierto%20de%20Tronadura%20Teck%20CDA\2023\10.%20Octubre\Registro%20tronadura%20realizada%2025-10-2023.pdf
25-10-2023,Fase 07 Banco 970 malla 01a,Ejecutada,17:37,https://pdaandacollo.teck.com/services/api/FileDownload/?filePath=\\Registro%20Acierto%20de%20Tronadura%20Teck%20CDA\2023\10.%20Octubre\Registro%20tronadura%20realizada%2025-10-2023.pdf
26-10-2023,Fase 06 Banco 970 malla 22c,Ejecutada,12:11,https://pdaandacollo.teck.com/services/api/FileDownload/?filePath=\\Registro%20Acierto%20de%20Tronadura%20Teck%20CDA\2023\10.%20Octubre\Registro%20tronadura%20realizada%2026-10-2023.pdf
28-10-2023,Fase 07 Banco 980 malla 06a,Ejecutada,11:20,https://pdaandacollo.teck.com/services/api/FileDownload/?filePath=\\Registro%20Acierto%20de%20Tronadura%20Teck%20CDA\2023\10.%20Octubre\Registro%20tronadura%20realizada%2028-10-2023.pdf
30-10-2023,Fase 07 Banco 980 Malla 2F-5B-9A,Ejecutada,11:31,https://pdaandacollo.teck.com/services/api/FileDownload/?filePath=\\Registro%20Acierto%20de%20Tronadura%20Teck%20CDA\2023\10.%20Octubre\Registro%20tronadura%20realizada%2030-10-2023.pdf
30-10-2023,Fase 06 Banco 960 Malla 6J-14A,Ejecutada,11:36,https://pdaandacollo.teck.com/services/api/FileDownload/?filePath=\\Registro%20Acierto%20de%20Tronadura%20Teck%20CDA\2023\10.%20Octubre\Registro%20tronadura%20realizada%2030-10-2023.pdf
31-10-2023,Fase 07 Banco 980 Malla 1D-9B,Ejecutada,15:38,https://pdaandacollo.teck.com/services/api/FileDownload/?filePath=\\Registro%20Acierto%20de%20Tronadura%20Teck%20CDA\2023\10.%20Octubre\Registro%20tronadura%20realizada%2031-10-2023.pdf
31-10-2023,Fase 07 Banco 980 Malla Precorte,Ejecutada,15:38,https://pdaandacollo.teck.com/services/api/FileDownload/?filePath=\\Registro%20Acierto%20de%20Tronadura%20Teck%20CDA\2023\10.%20Octubre\Registro%20tronadura%20realizada%2031-10-2023.pdf
31-10-2023,Fase 07 Banco 970 Malla Prueba PPDD,Ejecutada,15:38,https://pdaandacollo.teck.com/services/api/FileDownload/?filePath=\\Registro%20Acierto%20de%20Tronadura%20Teck%20CDA\2023\10.%20Octubre\Registro%20tronadura%20realizada%2031-10-2023.pdf
03-11-2023,Fase 07 Banco 980 malla 06b-08a,Ejecutada,15:14,https://pdaandacollo.teck.com/services/api/FileDownload/?filePath=\\Registro%20Acierto%20de%20Tronadura%20Teck%20CDA\2023\11.%20Noviembre\Registro%20tronadura%20realizada%2003-11-2023.pdf
03-11-2023,Fase 07 Banco 980 precorte,Ejecutada,15:14,https://pdaandacollo.teck.com/services/api/FileDownload/?filePath=\\Registro%20Acierto%20de%20Tronadura%20Teck%20CDA\2023\11.%20Noviembre\Registro%20tronadura%20realizada%2003-11-2023.pdf
03-11-2023,Fase 07 Banco 970 mallas 01b-02a,Ejecutada,15:14,https://pdaandacollo.teck.com/services/api/FileDownload/?filePath=\\Registro%20Acierto%20de%20Tronadura%20Teck%20CDA\2023\11.%20Noviembre\Registro%20tronadura%20realizada%2003-11-2023.pdf
04-11-2023,Fase 07 Banco 980 malla 04g-07b,Ejecutada,16:09,https://pdaandacollo.teck.com/services/api/FileDownload/?filePath=\\Registro%20Acierto%20de%20Tronadura%20Teck%20CDA\2023\11.%20Noviembre\Registro%20tronadura%20realizada%2004-11-2023.pdf
06-11-2023,Fase 06 Banco 970 Malla 15D-24A,Ejecutada,12:30,https://pdaandacollo.teck.com/services/api/FileDownload/?filePath=\\Registro%20Acierto%20de%20Tronadura%20Teck%20CDA\2023\11.%20Noviembre\Registro%20tronadura%20realizada%2006-11.2023.pdf
09-11-2023,Fase 07 Banco 970 Malla 1C-3A,Suspendida por condición de viento,11:37,https://pdaandacollo.teck.com/services/api/FileDownload/?filePath=\\Registro%20Acierto%20de%20Tronadura%20Teck%20CDA\2023\11.%20Noviembre\Registro%20tronadura%20realizada%2009-11.2023.pdf
09-11-2023,Fase 06 Banco 960 Malla 14B-15A,Suspendida por condición de viento,11:47,https://pdaandacollo.teck.com/services/api/FileDownload/?filePath=\\Registro%20Acierto%20de%20Tronadura%20Teck%20CDA\2023\11.%20Noviembre\Registro%20tronadura%20realizada%2009-11.2023.pdf
10-11-2023,Fase 06 Banco 970 mallas 16d-17i-23b-24b,Ejecutada,11:30,https://pdaandacollo.teck.com/services/api/FileDownload/?filePath=\\Registro%20Acierto%20de%20Tronadura%20Teck%20CDA\2023\11.%20Noviembre\Registro%20tronadura%20realizada%2010-11-2023.pdf
10-11-2023,Fase 07 Banco 970 mallas 01d-02b,Suspendida por condición operacional,9:00,https://pdaandacollo.teck.com/services/api/FileDownload/?filePath=\\Registro%20Acierto%20de%20Tronadura%20Teck%20CDA\2023\11.%20Noviembre\Registro%20tronadura%20realizada%2010-11-2023.pdf
13-11-2023,Fase 07 Banco 970 mallas 01d-02b,Ejecutada,11:39,https://pdaandacollo.teck.com/services/api/FileDownload/?filePath=\\Registro%20Acierto%20de%20Tronadura%20Teck%20CDA\2023\11.%20Noviembre\Registro%20tronadura%20realizada%2013-11-2023.pdf
14-11-2023,Fase 07 Banco 980 Malla 10A-11A,Ejecutada,11:10,https://pdaandacollo.teck.com/services/api/FileDownload/?filePath=\\Registro%20Acierto%20de%20Tronadura%20Teck%20CDA\2023\11.%20Noviembre\Registro%20tronadura%20realizada%2014-11-2023.pdf
15-11-2023,Fase 07 Banco 980 Malla 10B-11B,Ejecutada,11:01,https://pdaandacollo.teck.com/services/api/FileDownload/?filePath=\\Registro%20Acierto%20de%20Tronadura%20Teck%20CDA\2023\11.%20Noviembre\Registro%20tronadura%20realizada%2015-11-2023.pdf
16-11-2023,Fase 06 Banco 960 Malla 15B,Ejecutada,11:01,https://pdaandacollo.teck.com/services/api/FileDownload/?filePath=\\Registro%20Acierto%20de%20Tronadura%20Teck%20CDA\2023\11.%20Noviembre\Registro%20tronadura%20realizada%2016-11-2023.pdf
16-11-2023,Fase 07 Banco 970 Malla 5A,Suspendida por condición operacional,11:30,https://pdaandacollo.teck.com/services/api/FileDownload/?filePath=\\Registro%20Acierto%20de%20Tronadura%20Teck%20CDA\2023\11.%20Noviembre\Registro%20tronadura%20realizada%2016-11-2023.pdf
16-11-2023,Fase 07 Banco 970 Malla Precorte,Suspendida por condición operacional,11:30,https://pdaandacollo.teck.com/services/api/FileDownload/?filePath=\\Registro%20Acierto%20de%20Tronadura%20Teck%20CDA\2023\11.%20Noviembre\Registro%20tronadura%20realizada%2016-11-2023.pdf
17-11-2023,Fase 07 Banco 970 Malla 5A,Ejecutada,12:09,https://pdaandacollo.teck.com/services/api/FileDownload/?filePath=\\Registro%20Acierto%20de%20Tronadura%20Teck%20CDA\2023\11.%20Noviembre\Registro%20tronadura%20realizada%2017-11-2023.pdf
17-11-2023,Fase 07 Banco 970 Malla Precorte,Ejecutada,12:09,https://pdaandacollo.teck.com/services/api/FileDownload/?filePath=\\Registro%20Acierto%20de%20Tronadura%20Teck%20CDA\2023\11.%20Noviembre\Registro%20tronadura%20realizada%2017-11-2023.pdf
18-11-2023,Fase 07 Banco 970 mallas 02c,Ejecutada,13:51,https://pdaandacollo.teck.com/services/api/FileDownload/?filePath=\\Registro%20Acierto%20de%20Tronadura%20Teck%20CDA\2023\11.%20Noviembre\Registro%20tronadura%20realizada%2018-11-2023.pdf
20-11-2023,Fase 07 Banco 970 malla 04a,Ejecutada,12:06,https://pdaandacollo.teck.com/services/api/FileDownload/?filePath=\\Registro%20Acierto%20de%20Tronadura%20Teck%20CDA\2023\11.%20Noviembre\Registro%20tronadura%20realizada%2020-11-2023.pdf
21-11-2023,Fase 07 Banco 970 malla 03b,Ejecutada,11:15,https://pdaandacollo.teck.com/services/api/FileDownload/?filePath=\\Registro%20Acierto%20de%20Tronadura%20Teck%20CDA\2023\11.%20Noviembre\Registro%20tronadura%20realizada%2021-11-2023.pdf
23-11-2023,Fase 07 Banco 970 Malla 4B,Ejecutada,11:22,https://pdaandacollo.teck.com/services/api/FileDownload/?filePath=\\Registro%20Acierto%20de%20Tronadura%20Teck%20CDA\2023\11.%20Noviembre\Registro%20tronadura%20realizada%2023-11-2023.pdf
23-11-2023,Fase 07 Banco 970 Malla Precorte,Ejecutada,11:22,https://pdaandacollo.teck.com/services/api/FileDownload/?filePath=\\Registro%20Acierto%20de%20Tronadura%20Teck%20CDA\2023\11.%20Noviembre\Registro%20tronadura%20realizada%2023-11-2023.pdf
25-11-2023,Fase 07 Banco 970 Malla 6A-8A,Ejecutada,12:11,https://pdaandacollo.teck.com/services/api/FileDownload/?filePath=\\Registro%20Acierto%20de%20Tronadura%20Teck%20CDA\2023\11.%20Noviembre\Registro%20tronadura%20realizada%2025-11-2023.pdf
27-11-2023,Fase 06 Banco 960 mallas 06k-14c-15c,Ejecutada,11:17,https://pdaandacollo.teck.com/services/api/FileDownload/?filePath=\\Registro%20Acierto%20de%20Tronadura%20Teck%20CDA\2023\11.%20Noviembre\Registro%20tronadura%20realizada%2027-11-2023.pdf
30-11-2023,Fase 07 Banco 990 Malla 4B-5D-9A,Ejecutada,10:07,https://pdaandacollo.teck.com/services/api/FileDownload/?filePath=\\Registro%20Acierto%20de%20Tronadura%20Teck%20CDA\2023\11.%20Noviembre\Registro%20tronadura%20realizada%2030-11-2023.pdf
30-11-2023,Fase 07 Banco 990 Malla Precorte,Ejecutada,10:07,https://pdaandacollo.teck.com/services/api/FileDownload/?filePath=\\Registro%20Acierto%20de%20Tronadura%20Teck%20CDA\2023\11.%20Noviembre\Registro%20tronadura%20realizada%2030-11-2023.pdf
30-11-2023,Fase 06 Banco 960 Malla 6L-14D,Ejecutada,12:46,https://pdaandacollo.teck.com/services/api/FileDownload/?filePath=\\Registro%20Acierto%20de%20Tronadura%20Teck%20CDA\2023\11.%20Noviembre\Registro%20tronadura%20realizada%2030-11-2023.pdf
04-12-2023,Fase 07 Banco 960 mallas 01a-02a,Estado / Motivo de suspensión,11:22,https://pdaandacollo.teck.com/services/api/FileDownload/?filePath=\\Registro%20Acierto%20de%20Tronadura%20Teck%20CDA\2023\12.%20Diciembre\Registro%20tronadura%20realizada%2004-12-2023.pdf
04-12-2023,Fase 06 Banco 960 mallas 06m-07e,Estado / Motivo de suspensión,11:29,https://pdaandacollo.teck.com/services/api/FileDownload/?filePath=\\Registro%20Acierto%20de%20Tronadura%20Teck%20CDA\2023\12.%20Diciembre\Registro%20tronadura%20realizada%2004-12-2023.pdf
04-12-2023,Fase 06 Banco 960 mallas 06m-07e,Ejecutada,11:29,https://pdaandacollo.teck.com/services/api/FileDownload/?filePath=\\Registro%20Acierto%20de%20Tronadura%20Teck%20CDA\2023\12.%20Diciembre\Registro%20tronadura%20realizada%2004-12-2023.pdf
04-12-2023,Fase 05 Banco 750 mallas pozo agua sur,Ejecutada,11:34,https://pdaandacollo.teck.com/services/api/FileDownload/?filePath=\\Registro%20Acierto%20de%20Tronadura%20Teck%20CDA\2023\12.%20Diciembre\Registro%20tronadura%20realizada%2004-12-2023.pdf
04-12-2023,Fase 05 Banco 750 mallas pozo agua norte,Ejecutada,11:34,https://pdaandacollo.teck.com/services/api/FileDownload/?filePath=\\Registro%20Acierto%20de%20Tronadura%20Teck%20CDA\2023\12.%20Diciembre\Registro%20tronadura%20realizada%2004-12-2023.pdf
05-12-2023,Fase 07 Banco 970 malla 03c,Ejecutada,10:15,https://pdaandacollo.teck.com/services/api/FileDownload/?filePath=\\Registro%20Acierto%20de%20Tronadura%20Teck%20CDA\2023\12.%20Diciembre\Registro%20tronadura%20realizada%2005-12-2023.pdf
05-12-2023,0,Ejecutada,10:15,https://pdaandacollo.teck.com/services/api/FileDownload/?filePath=\\Registro%20Acierto%20de%20Tronadura%20Teck%20CDA\2023\12.%20Diciembre\Registro%20tronadura%20realizada%2005-12-2023.pdf
07-12-2023,Fase 07 Banco 970 malla 07b,Estado / Motivo de suspensión,11:59,https://pdaandacollo.teck.com/services/api/FileDownload/?filePath=\\Registro%20Acierto%20de%20Tronadura%20Teck%20CDA\2023\12.%20Diciembre\Registro%20tronadura%20realizada%2007-12-2023.pdf
07-12-2023,Fase 07 Banco 970 malla precorte,Ejecutada,11:59,https://pdaandacollo.teck.com/services/api/FileDownload/?filePath=\\Registro%20Acierto%20de%20Tronadura%20Teck%20CDA\2023\12.%20Diciembre\Registro%20tronadura%20realizada%2007-12-2023.pdf
07-12-2023,Fase 07 Banco 970 malla 02d-09a,Ejecutada,12:04,https://pdaandacollo.teck.com/services/api/FileDownload/?filePath=\\Registro%20Acierto%20de%20Tronadura%20Teck%20CDA\2023\12.%20Diciembre\Registro%20tronadura%20realizada%2007-12-2023.pdf
07-12-2023,0,Ejecutada,12:04,https://pdaandacollo.teck.com/services/api/FileDownload/?filePath=\\Registro%20Acierto%20de%20Tronadura%20Teck%20CDA\2023\12.%20Diciembre\Registro%20tronadura%20realizada%2007-12-2023.pdf
15-12-2023,Fase 07 Banco 960 malla 01b-03a,Ejecutada,10:18,https://pdaandacollo.teck.com/services/api/FileDownload/?filePath=\\Registro%20Acierto%20de%20Tronadura%20Teck%20CDA\2023\12.%20Diciembre\Registro%20tronadura%20realizada%2015-12-2023.pdf
15-12-2023,Fase 07 Banco 960 malla 01c-02b,Ejecutada,10:25,https://pdaandacollo.teck.com/services/api/FileDownload/?filePath=\\Registro%20Acierto%20de%20Tronadura%20Teck%20CDA\2023\12.%20Diciembre\Registro%20tronadura%20realizada%2015-12-2023.pdf
15-12-2023,Fase 06 Banco 970 malla 25a,Ejecutada,10:30,https://pdaandacollo.teck.com/services/api/FileDownload/?filePath=\\Registro%20Acierto%20de%20Tronadura%20Teck%20CDA\2023\12.%20Diciembre\Registro%20tronadura%20realizada%2015-12-2023.pdf
15-12-2023,Fase 06 Banco 970 malla precorte,Ejecutada,10:30,https://pdaandacollo.teck.com/services/api/FileDownload/?filePath=\\Registro%20Acierto%20de%20Tronadura%20Teck%20CDA\2023\12.%20Diciembre\Registro%20tronadura%20realizada%2015-12-2023.pdf
16-12-2023,Fase 07 Banco 970 Malla 9B,Ejecutada,14:28,https://pdaandacollo.teck.com/services/api/FileDownload/?filePath=\\Registro%20Acierto%20de%20Tronadura%20Teck%20CDA\2023\12.%20Diciembre\Registro%20tronadura%20realizada%2016-12-2023.pdf
18-12-2023,Fase 07 Banco 960 Malla 3B,Ejecutada,10:49,https://pdaandacollo.teck.com/services/api/FileDownload/?filePath=\\Registro%20Acierto%20de%20Tronadura%20Teck%20CDA\2023\12.%20Diciembre\Registro%20tronadura%20realizada%2018-12-2023.pdf
18-12-2023,Fase 07 Banco 960 Malla Precorte,Ejecutada,10:49,https://pdaandacollo.teck.com/services/api/FileDownload/?filePath=\\Registro%20Acierto%20de%20Tronadura%20Teck%20CDA\2023\12.%20Diciembre\Registro%20tronadura%20realizada%2018-12-2023.pdf
18-12-2023,Fase 06 Banco 960 Malla 14D-15D-16A,Ejecutada,11:02,https://pdaandacollo.teck.com/services/api/FileDownload/?filePath=\\Registro%20Acierto%20de%20Tronadura%20Teck%20CDA\2023\12.%20Diciembre\Registro%20tronadura%20realizada%2018-12-2023.pdf
19-12-2023,Fase 07 Banco 960 Malla 3C,Ejecutada,11:19,https://pdaandacollo.teck.com/services/api/FileDownload/?filePath=\\Registro%20Acierto%20de%20Tronadura%20Teck%20CDA\2023\12.%20Diciembre\Registro%20tronadura%20realizada%2019-12-2023.pdf
21-12-2023,Fase 06 Banco 960 malla 14e-15e-16b,Ejecutada,10:45,https://pdaandacollo.teck.com/services/api/FileDownload/?filePath=\\Registro%20Acierto%20de%20Tronadura%20Teck%20CDA\2023\12.%20Diciembre\registro%20tronadura%20realizada%2021-12-2023.pdf
23-12-2023,Fase 07 Banco 960 malla precorte,Ejecutada,10:35,https://pdaandacollo.teck.com/services/api/FileDownload/?filePath=\\Registro%20Acierto%20de%20Tronadura%20Teck%20CDA\2023\12.%20Diciembre\registro%20tronadura%20realizada%2023-12-2023.pdf
28-12-2023,Fase 07 Banco 960 mallas 04a-05a,Ejecutada,11:42,https://pdaandacollo.teck.com/services/api/FileDownload/?filePath=\\Registro%20Acierto%20de%20Tronadura%20Teck%20CDA\2023\12.%20Diciembre\registro%20tronadura%20realizada%2028-12-2023.pdf
28-12-2023,Fase 07 Banco 960 mallas precorte,Ejecutada,11:42,https://pdaandacollo.teck.com/services/api/FileDownload/?filePath=\\Registro%20Acierto%20de%20Tronadura%20Teck%20CDA\2023\12.%20Diciembre\registro%20tronadura%20realizada%2028-12-2023.pdf
28-12-2023,Fase 06 Banco 960 malla 14e-15e-16b,Ejecutada,11:46,https://pdaandacollo.teck.com/services/api/FileDownload/?filePath=\\Registro%20Acierto%20de%20Tronadura%20Teck%20CDA\2023\12.%20Diciembre\registro%20tronadura%20realizada%2028-12-2023.pdf
29-12-2023,Fase 07 Banco 960 malla 01d-02c-06a,Ejecutada,11:21,https://pdaandacollo.teck.com/services/api/FileDownload/?filePath=\\Registro%20Acierto%20de%20Tronadura%20Teck%20CDA\2023\12.%20Diciembre\registro%20tronadura%20realizada%2029-12-2023.pdf
29-12-2023,Fase 07 Banco 960 malla precorte,Ejecutada,11:21,https://pdaandacollo.teck.com/services/api/FileDownload/?filePath=\\Registro%20Acierto%20de%20Tronadura%20Teck%20CDA\2023\12.%20Diciembre\registro%20tronadura%20realizada%2029-12-2023.pdf
02-01-2024,Fase 07 Banco 960 Malla 3B-5B,Ejecutada,12:16,https://pdaandacollo.teck.com/services/api/FileDownload/?filePath=\\Registro%20Acierto%20de%20Tronadura%20Teck%20CDA\2024\01.Enero\Registro%20tronadura%20realizada%2002-01-2024.pdf
02-01-2024,Fase 07 Banco 960 Malla Precorte,Ejecutada,12:16,https://pdaandacollo.teck.com/services/api/FileDownload/?filePath=\\Registro%20Acierto%20de%20Tronadura%20Teck%20CDA\2024\01.Enero\Registro%20tronadura%20realizada%2002-01-2024.pdf
02-01-2024,Fase 07 Banco 960 Malla 4B-7A,Suspendida por condición de viento,17:00,https://pdaandacollo.teck.com/services/api/FileDownload/?filePath=\\Registro%20Acierto%20de%20Tronadura%20Teck%20CDA\2024\01.Enero\Registro%20tronadura%20realizada%2002-01-2024.pdf
02-01-2024,Fase 07 Banco 960 Malla Precorte,Suspendida por condición de viento,17:00,https://pdaandacollo.teck.com/services/api/FileDownload/?filePath=\\Registro%20Acierto%20de%20Tronadura%20Teck%20CDA\2024\01.Enero\Registro%20tronadura%20realizada%2002-01-2024.pdf
03-01-2024,Fase 07 Banco 960 Malla 4B-7A,Ejecutada,10:55,https://pdaandacollo.teck.com/services/api/FileDownload/?filePath=\\Registro%20Acierto%20de%20Tronadura%20Teck%20CDA\2024\01.Enero\Registro%20tronadura%20realizada%2003-01-2024.pdf
03-01-2024,Fase 07 Banco 960 Malla Precorte,Ejecutada,10:55,https://pdaandacollo.teck.com/services/api/FileDownload/?filePath=\\Registro%20Acierto%20de%20Tronadura%20Teck%20CDA\2024\01.Enero\Registro%20tronadura%20realizada%2003-01-2024.pdf
05-01-2024,Fase 06 Banco 950 malla 11a,Ejecutada,12:37,https://pdaandacollo.teck.com/services/api/FileDownload/?filePath=\\Registro%20Acierto%20de%20Tronadura%20Teck%20CDA\2024\01.Enero\Registro%20tronadura%20realizada%2005-01-2024.pdf
05-01-2024,Fase 06 Banco 960 malla 18a,Ejecutada,12:44,https://pdaandacollo.teck.com/services/api/FileDownload/?filePath=\\Registro%20Acierto%20de%20Tronadura%20Teck%20CDA\2024\01.Enero\Registro%20tronadura%20realizada%2005-01-2024.pdf
08-01-2024,Fase 06 Banco 950 malla 19a,Ejecutada,11:28,https://pdaandacollo.teck.com/services/api/FileDownload/?filePath=\\Registro%20Acierto%20de%20Tronadura%20Teck%20CDA\2024\01.Enero\Registro%20tronadura%20realizada%2008-01-2024.pdf
08-01-2024,0,Ejecutada,11:28,https://pdaandacollo.teck.com/services/api/FileDownload/?filePath=\\Registro%20Acierto%20de%20Tronadura%20Teck%20CDA\2024\01.Enero\Registro%20tronadura%20realizada%2008-01-2024.pdf
10-01-2024,Fase 06 Banco 960 Malla 16C,Ejecutada,14:15,https://pdaandacollo.teck.com/services/api/FileDownload/?filePath=\\Registro%20Acierto%20de%20Tronadura%20Teck%20CDA\2024\01.Enero\Registro%20tronadura%20realizada%2010-01-2024.pdf
12-01-2024,Fase 07 Banco 970 Malla 08A-09A,Ejecutada,11:31,https://pdaandacollo.teck.com/services/api/FileDownload/?filePath=\\Registro%20Acierto%20de%20Tronadura%20Teck%20CDA\2024\01.Enero\Registro%20tronadura%20realizada%2012-01-2024.pdf
13-01-2024,Fase 06 Banco 960 mallas 19b-20a,Ejecutada,11:47,https://pdaandacollo.teck.com/services/api/FileDownload/?filePath=\\Registro%20Acierto%20de%20Tronadura%20Teck%20CDA\2024\01.Enero\Registro%20tronadura%20realizada%2013-01-2024.pdf
13-01-2024,0,Ejecutada,11:47,https://pdaandacollo.teck.com/services/api/FileDownload/?filePath=\\Registro%20Acierto%20de%20Tronadura%20Teck%20CDA\2024\01.Enero\Registro%20tronadura%20realizada%2013-01-2024.pdf
17-01-2024,Fase 07 Banco 970 Malla 08B-10A,Ejecutada,10:57,https://pdaandacollo.teck.com/services/api/FileDownload/?filePath=\\Registro%20Acierto%20de%20Tronadura%20Teck%20CDA\2024\01.Enero\Registro%20tronadura%20realizada%2017-01-2024.pdf
17-01-2024,Fase 7 Banco 970 Malla Precorte,Ejecutada,10:57,https://pdaandacollo.teck.com/services/api/FileDownload/?filePath=\\Registro%20Acierto%20de%20Tronadura%20Teck%20CDA\2024\01.Enero\Registro%20tronadura%20realizada%2017-01-2024.pdf
17-01-2024,Fase 6 Banco 960 Malla 20B,Ejecutada,9:34,https://pdaandacollo.teck.com/services/api/FileDownload/?filePath=\\Registro%20Acierto%20de%20Tronadura%20Teck%20CDA\2024\01.Enero\Registro%20tronadura%20realizada%2017-01-2024.pdf
17-01-2024,Fase 6 Banco 960 Malla Precorte,Ejecutada,9:34,https://pdaandacollo.teck.com/services/api/FileDownload/?filePath=\\Registro%20Acierto%20de%20Tronadura%20Teck%20CDA\2024\01.Enero\Registro%20tronadura%20realizada%2017-01-2024.pdf
19-01-2024,Fase 06 Banco 950 Malla 11B12A13A,Ejecutada,10:59,https://pdaandacollo.teck.com/services/api/FileDownload/?filePath=\\Registro%20Acierto%20de%20Tronadura%20Teck%20CDA\2024\01.Enero\Registro%20tronadura%20realizada%2019-01-2024.pdf
22-01-2024,Fase 06 Banco 950 mallas 12b-13b,Ejecutada,11:53,https://pdaandacollo.teck.com/services/api/FileDownload/?filePath=\\Registro%20Acierto%20de%20Tronadura%20Teck%20CDA\2024\01.Enero\Registro%20tronadura%20realizada%2022-01-2024.pdf
22-01-2024,0,Ejecutada,11:53,https://pdaandacollo.teck.com/services/api/FileDownload/?filePath=\\Registro%20Acierto%20de%20Tronadura%20Teck%20CDA\2024\01.Enero\Registro%20tronadura%20realizada%2022-01-2024.pdf
23-01-2024,Fase 07 Banco 960 mallas 02D-06B,Ejecutada,12:28,https://pdaandacollo.teck.com/services/api/FileDownload/?filePath=\\Registro%20Acierto%20de%20Tronadura%20Teck%20CDA\2024\01.Enero\Registro%20tronadura%20realizada%2023-01-2024.pdf
23-01-2024,0,Ejecutada,12:28,https://pdaandacollo.teck.com/services/api/FileDownload/?filePath=\\Registro%20Acierto%20de%20Tronadura%20Teck%20CDA\2024\01.Enero\Registro%20tronadura%20realizada%2023-01-2024.pdf
29-01-2024,Fase 07 Banco 950 mallas 03a-04a,Ejecutada,10:25,https://pdaandacollo.teck.com/services/api/FileDownload/?filePath=\\Registro%20Acierto%20de%20Tronadura%20Teck%20CDA\2024\01.Enero\Registro%20tronadura%20realizada%2029-01-2024.pdf
29-01-2024,0,Ejecutada,10:25,https://pdaandacollo.teck.com/services/api/FileDownload/?filePath=\\Registro%20Acierto%20de%20Tronadura%20Teck%20CDA\2024\01.Enero\Registro%20tronadura%20realizada%2029-01-2024.pdf
30-01-2024,Fase 07 Banco 950 mallas 03b,Ejecutada,10:39,https://pdaandacollo.teck.com/services/api/FileDownload/?filePath=\\Registro%20Acierto%20de%20Tronadura%20Teck%20CDA\2024\01.Enero\Registro%20tronadura%20realizada%2030-01-2024.pdf
30-01-2024,Fase 06 Banco 950 mallas 12c-13c-14a,Ejecutada,13:28,https://pdaandacollo.teck.com/services/api/FileDownload/?filePath=\\Registro%20Acierto%20de%20Tronadura%20Teck%20CDA\2024\01.Enero\Registro%20tronadura%20realizada%2030-01-2024.pdf
30-01-2024,0,Ejecutada,13:28,https://pdaandacollo.teck.com/services/api/FileDownload/?filePath=\\Registro%20Acierto%20de%20Tronadura%20Teck%20CDA\2024\01.Enero\Registro%20tronadura%20realizada%2030-01-2024.pdf
07-02-2024,Fase 07 Banco 950 Malla 02A-06A,Ejecutada,11:51,https://pdaandacollo.teck.com/services/api/FileDownload/?filePath=\\Registro%20Acierto%20de%20Tronadura%20Teck%20CDA\2024\02.Febrero\Registro%20tronadura%20ejecutada%2007-02-2024.pdf
07-02-2024,Fase 07 Banco 950  Malla Precorte,Ejecutada,11:51,https://pdaandacollo.teck.com/services/api/FileDownload/?filePath=\\Registro%20Acierto%20de%20Tronadura%20Teck%20CDA\2024\02.Febrero\Registro%20tronadura%20ejecutada%2007-02-2024.pdf
03-02-2024,Fase 07 Banco 960 Malla 10A,Ejecutada,10:58,https://pdaandacollo.teck.com/services/api/FileDownload/?filePath=\\Registro%20Acierto%20de%20Tronadura%20Teck%20CDA\2024\02.Febrero\Registro%20tronadura%20realizada%2003-02-2024.pdf
03-02-2024,Fase 06 Banco 950 Malla 14B,Ejecutada,11:06,https://pdaandacollo.teck.com/services/api/FileDownload/?filePath=\\Registro%20Acierto%20de%20Tronadura%20Teck%20CDA\2024\02.Febrero\Registro%20tronadura%20realizada%2003-02-2024.pdf
23-02-2024,Fase 07 Banco 960 mallas 11a,Ejecutada,12:13,https://pdaandacollo.teck.com/services/api/FileDownload/?filePath=\\Registro%20Acierto%20de%20Tronadura%20Teck%20CDA\2024\02.Febrero\Registro%20tronadura%20realizada%2023-02-2024.pdf
23-02-2024,Fase 07 Banco 960 malla precorte,Ejecutada,12:13,https://pdaandacollo.teck.com/services/api/FileDownload/?filePath=\\Registro%20Acierto%20de%20Tronadura%20Teck%20CDA\2024\02.Febrero\Registro%20tronadura%20realizada%2023-02-2024.pdf
24-02-2024,Fase 07 Banco 950 mallas 06b-07a,Ejecutada,11:27,https://pdaandacollo.teck.com/services/api/FileDownload/?filePath=\\Registro%20Acierto%20de%20Tronadura%20Teck%20CDA\2024\02.Febrero\Registro%20tronadura%20realizada%2024-02-2024.pdf
24-02-2024,Fase 07 Banco 950 malla precorte,Ejecutada,11:27,https://pdaandacollo.teck.com/services/api/FileDownload/?filePath=\\Registro%20Acierto%20de%20Tronadura%20Teck%20CDA\2024\02.Febrero\Registro%20tronadura%20realizada%2024-02-2024.pdf
05-02-2024,Fase 06 Banco 950 Malla 13D-15A,Ejecutada,11:26,https://pdaandacollo.teck.com/services/api/FileDownload/?filePath=\\Registro%20Acierto%20de%20Tronadura%20Teck%20CDA\2024\02.Febrero\Registro%20tronaduras%20ejecutadas%20%20%2005-02-2024.pdf
19-02-2024,Fase 06 Banco 940 Malla 12B-18A-19A,Ejecutada,15:02,https://pdaandacollo.teck.com/services/api/FileDownload/?filePath=\\Registro%20Acierto%20de%20Tronadura%20Teck%20CDA\2024\02.Febrero\Registro%20tronaduras%20ejecutadas%20%20%2019-02-2024.pdf
19-02-2024,Fase 06 Banco 950 Malla 14C-18A,Ejecutada,15:08,https://pdaandacollo.teck.com/services/api/FileDownload/?filePath=\\Registro%20Acierto%20de%20Tronadura%20Teck%20CDA\2024\02.Febrero\Registro%20tronaduras%20ejecutadas%20%20%2019-02-2024.pdf
19-02-2024,Fase 06 Banco 950 Malla Precorte,Ejecutada,15:08,https://pdaandacollo.teck.com/services/api/FileDownload/?filePath=\\Registro%20Acierto%20de%20Tronadura%20Teck%20CDA\2024\02.Febrero\Registro%20tronaduras%20ejecutadas%20%20%2019-02-2024.pdf
08-02-2024,Fase 07 Banco 950 Malla 03C-08A,Ejecutada,10:08,https://pdaandacollo.teck.com/services/api/FileDownload/?filePath=\\Registro%20Acierto%20de%20Tronadura%20Teck%20CDA\2024\02.Febrero\Registro%20tronaduras%20ejecutadas%2008-02-2024.pdf
08-02-2024,Fase 07 Banco 960  Malla 06C-10B,Ejecutada,10:12,https://pdaandacollo.teck.com/services/api/FileDownload/?filePath=\\Registro%20Acierto%20de%20Tronadura%20Teck%20CDA\2024\02.Febrero\Registro%20tronaduras%20ejecutadas%2008-02-2024.pdf
13-02-2024,Fase 06 Banco 950 Malla 16A,Ejecutada,11:29,https://pdaandacollo.teck.com/services/api/FileDownload/?filePath=\\Registro%20Acierto%20de%20Tronadura%20Teck%20CDA\2024\02.Febrero\Registro%20tronaduras%20ejecutadas%2013-02-2024.pdf
26-02-2024,Fase 07 Banco 950 Malla 01A-02B-05A,Ejecutada,11:32,https://pdaandacollo.teck.com/services/api/FileDownload/?filePath=\\Registro%20Acierto%20de%20Tronadura%20Teck%20CDA\2024\02.Febrero\Registro%20tronaduras%20ejecutadas%2026-02-2024.pdf
26-02-2024,Fase 07 Banco 950 Malla Precorte,Ejecutada,11:32,https://pdaandacollo.teck.com/services/api/FileDownload/?filePath=\\Registro%20Acierto%20de%20Tronadura%20Teck%20CDA\2024\02.Febrero\Registro%20tronaduras%20ejecutadas%2026-02-2024.pdf
28-02-2024,Fase 07 Banco 960 Malla 12A,Ejecutada,11:56,https://pdaandacollo.teck.com/services/api/FileDownload/?filePath=\\Registro%20Acierto%20de%20Tronadura%20Teck%20CDA\2024\02.Febrero\Registro%20tronaduras%20ejecutadas%2028-02-2024.pdf
28-02-2024,Fase 07 Banco 960 Malla Precorte,Ejecutada,11:56,https://pdaandacollo.teck.com/services/api/FileDownload/?filePath=\\Registro%20Acierto%20de%20Tronadura%20Teck%20CDA\2024\02.Febrero\Registro%20tronaduras%20ejecutadas%2028-02-2024.pdf
29-02-2024,Fase 06 Banco 950 Malla 17A-14D,Ejecutada,12:19,https://pdaandacollo.teck.com/services/api/FileDownload/?filePath=\\Registro%20Acierto%20de%20Tronadura%20Teck%20CDA\2024\02.Febrero\Registro%20tronaduras%20ejecutadas%2029-02-2024.pdf
29-02-2024,Fase 06 Banco 950 Malla Precorte,Ejecutada,12:19,https://pdaandacollo.teck.com/services/api/FileDownload/?filePath=\\Registro%20Acierto%20de%20Tronadura%20Teck%20CDA\2024\02.Febrero\Registro%20tronaduras%20ejecutadas%2029-02-2024.pdf
09-03-2024,Fase 06 Banco 960 mallas 07f-18b,Ejecutada,13:07,https://pdaandacollo.teck.com/services/api/FileDownload/?filePath=\\Registro%20Acierto%20de%20Tronadura%20Teck%20CDA\2024\03.Marzo\Registro%20tronadura%20ejecutada%2009-03-2024.pdf
09-03-2024,Fase 06 Banco 960 malla Precorte,Ejecutada,13:07,https://pdaandacollo.teck.com/services/api/FileDownload/?filePath=\\Registro%20Acierto%20de%20Tronadura%20Teck%20CDA\2024\03.Marzo\Registro%20tronadura%20ejecutada%2009-03-2024.pdf
09-03-2024,Fase 06 Banco 940 mallas 19c-20b,Suspendida por condición operacional,8:00,https://pdaandacollo.teck.com/services/api/FileDownload/?filePath=\\Registro%20Acierto%20de%20Tronadura%20Teck%20CDA\2024\03.Marzo\Registro%20tronadura%20ejecutada%2009-03-2024.pdf
28-03-2024,Fase 06 Banco 950 mallas 22B,Ejecutada,10:25,https://pdaandacollo.teck.com/services/api/FileDownload/?filePath=\\Registro%20Acierto%20de%20Tronadura%20Teck%20CDA\2024\03.Marzo\Registro%20tronadura%20ejecutada%2028-03-2024.pdf
28-03-2024,Fase 06 Banco 950 malla Precorte,Ejecutada,10:25,https://pdaandacollo.teck.com/services/api/FileDownload/?filePath=\\Registro%20Acierto%20de%20Tronadura%20Teck%20CDA\2024\03.Marzo\Registro%20tronadura%20ejecutada%2028-03-2024.pdf
28-03-2024,Fase 07 Banco 940 mallas 03A,Ejecutada,12:10,https://pdaandacollo.teck.com/services/api/FileDownload/?filePath=\\Registro%20Acierto%20de%20Tronadura%20Teck%20CDA\2024\03.Marzo\Registro%20tronadura%20ejecutada%2028-03-2024.pdf
21-03-2024,Fase 06 Banco 950 Malla 11C-23A,Ejecutada,12:09,https://pdaandacollo.teck.com/services/api/FileDownload/?filePath=\\Registro%20Acierto%20de%20Tronadura%20Teck%20CDA\2024\03.Marzo\Registro%20tronaduras%20ejecutadas%20%2021-03-2024.pdf
02-03-2024,Fase 06 Banco 940 mallas 19b-20a,Ejecutada,10:35,https://pdaandacollo.teck.com/services/api/FileDownload/?filePath=\\Registro%20Acierto%20de%20Tronadura%20Teck%20CDA\2024\03.Marzo\Registro%20tronaduras%20ejecutadas%2002-03-2024.pdf
02-03-2024,0,Ejecutada,10:35,https://pdaandacollo.teck.com/services/api/FileDownload/?filePath=\\Registro%20Acierto%20de%20Tronadura%20Teck%20CDA\2024\03.Marzo\Registro%20tronaduras%20ejecutadas%2002-03-2024.pdf
04-03-2024,Fase 07 Banco 950 mallas 07b-09a-10a,Ejecutada,11:31,https://pdaandacollo.teck.com/services/api/FileDownload/?filePath=\\Registro%20Acierto%20de%20Tronadura%20Teck%20CDA\2024\03.Marzo\Registro%20tronaduras%20ejecutadas%2004-03-2024.pdf
04-03-2024,Fase 07 Banco 950 mallas precorte,Ejecutada,11:31,https://pdaandacollo.teck.com/services/api/FileDownload/?filePath=\\Registro%20Acierto%20de%20Tronadura%20Teck%20CDA\2024\03.Marzo\Registro%20tronaduras%20ejecutadas%2004-03-2024.pdf
06-03-2024,Fase 07 Banco 950 Malla 5B-8A-11A,Ejecutada,12:16,https://pdaandacollo.teck.com/services/api/FileDownload/?filePath=\\Registro%20Acierto%20de%20Tronadura%20Teck%20CDA\2024\03.Marzo\Registro%20tronaduras%20ejecutadas%2006-03-2024.pdf
11-03-2024,Fase 06 Banco 940 mallas 19c-20b,Ejecutada,13:08,https://pdaandacollo.teck.com/services/api/FileDownload/?filePath=\\Registro%20Acierto%20de%20Tronadura%20Teck%20CDA\2024\03.Marzo\Registro%20tronaduras%20ejecutadas%2011-03-2024.pdf
11-03-2024,0,Ejecutada,13:08,https://pdaandacollo.teck.com/services/api/FileDownload/?filePath=\\Registro%20Acierto%20de%20Tronadura%20Teck%20CDA\2024\03.Marzo\Registro%20tronaduras%20ejecutadas%2011-03-2024.pdf
16-03-2024,Fase 07 Banco 940 Malla 1A,Ejecutada,11:33,https://pdaandacollo.teck.com/services/api/FileDownload/?filePath=\\Registro%20Acierto%20de%20Tronadura%20Teck%20CDA\2024\03.Marzo\Registro%20tronaduras%20ejecutadas%2016-03-2024.pdf
16-03-2024,Fase 07 Banco 950 Malla 8C-11B-12A,Suspendida por condición de viento,12:00,https://pdaandacollo.teck.com/services/api/FileDownload/?filePath=\\Registro%20Acierto%20de%20Tronadura%20Teck%20CDA\2024\03.Marzo\Registro%20tronaduras%20ejecutadas%2016-03-2024.pdf
18-03-2024,Fase 07 Banco 950 mallas 08c-11b-12a,Ejecutada,11:08,https://pdaandacollo.teck.com/services/api/FileDownload/?filePath=\\Registro%20Acierto%20de%20Tronadura%20Teck%20CDA\2024\03.Marzo\Registro%20tronaduras%20ejecutadas%2018-03-2024.pdf
18-03-2024,Fase 06 Banco 940 mallas 20c,Ejecutada,11:12,https://pdaandacollo.teck.com/services/api/FileDownload/?filePath=\\Registro%20Acierto%20de%20Tronadura%20Teck%20CDA\2024\03.Marzo\Registro%20tronaduras%20ejecutadas%2018-03-2024.pdf
18-03-2024,Fase 06 Banco 940 mallas 18b-21a,Ejecutada,11:16,https://pdaandacollo.teck.com/services/api/FileDownload/?filePath=\\Registro%20Acierto%20de%20Tronadura%20Teck%20CDA\2024\03.Marzo\Registro%20tronaduras%20ejecutadas%2018-03-2024.pdf
19-03-2024,Fase 06 Banco 950 mallas 16b,Ejecutada,11:11,https://pdaandacollo.teck.com/services/api/FileDownload/?filePath=\\Registro%20Acierto%20de%20Tronadura%20Teck%20CDA\2024\03.Marzo\Registro%20tronaduras%20ejecutadas%2019-03-2024.pdf
19-03-2024,0,Ejecutada,11:11,https://pdaandacollo.teck.com/services/api/FileDownload/?filePath=\\Registro%20Acierto%20de%20Tronadura%20Teck%20CDA\2024\03.Marzo\Registro%20tronaduras%20ejecutadas%2019-03-2024.pdf
25-03-2024,Fase 07 Banco 940 mallas 01b-02a,Ejecutada,12:06,https://pdaandacollo.teck.com/services/api/FileDownload/?filePath=\\Registro%20Acierto%20de%20Tronadura%20Teck%20CDA\2024\03.Marzo\Registro%20tronaduras%20ejecutadas%2025-03-2024.pdf
25-03-2024,Fase 07 Banco 940 mallas precorte,Ejecutada,12:06,https://pdaandacollo.teck.com/services/api/FileDownload/?filePath=\\Registro%20Acierto%20de%20Tronadura%20Teck%20CDA\2024\03.Marzo\Registro%20tronaduras%20ejecutadas%2025-03-2024.pdf
25-03-2024,Fase 06 Banco 940 mallas 18c-19d-22a,Ejecutada,12:11,https://pdaandacollo.teck.com/services/api/FileDownload/?filePath=\\Registro%20Acierto%20de%20Tronadura%20Teck%20CDA\2024\03.Marzo\Registro%20tronaduras%20ejecutadas%2025-03-2024.pdf
25-03-2024,Fase 06 Banco 950 mallas 19a-20a,Ejecutada,12:15,https://pdaandacollo.teck.com/services/api/FileDownload/?filePath=\\Registro%20Acierto%20de%20Tronadura%20Teck%20CDA\2024\03.Marzo\Registro%20tronaduras%20ejecutadas%2025-03-2024.pdf
25-03-2024,Fase 06 Banco 950 mallas Precorte,Ejecutada,12:15,https://pdaandacollo.teck.com/services/api/FileDownload/?filePath=\\Registro%20Acierto%20de%20Tronadura%20Teck%20CDA\2024\03.Marzo\Registro%20tronaduras%20ejecutadas%2025-03-2024.pdf
26-03-2024,Fase 06 Banco 950 mallas 23b,Ejecutada,11:28,https://pdaandacollo.teck.com/services/api/FileDownload/?filePath=\\Registro%20Acierto%20de%20Tronadura%20Teck%20CDA\2024\03.Marzo\Registro%20tronaduras%20ejecutadas%2026-03-2024.pdf
26-03-2024,Fase 07 Banco 940 mallas 03a,Suspendida por condición operacional,8:00,https://pdaandacollo.teck.com/services/api/FileDownload/?filePath=\\Registro%20Acierto%20de%20Tronadura%20Teck%20CDA\2024\03.Marzo\Registro%20tronaduras%20ejecutadas%2026-03-2024.pdf
27-03-2024,Fase 06 Banco 950 mallas 21a-22a,Ejecutada,12:41,https://pdaandacollo.teck.com/services/api/FileDownload/?filePath=\\Registro%20Acierto%20de%20Tronadura%20Teck%20CDA\2024\03.Marzo\Registro%20tronaduras%20ejecutadas%2027-03-2024.pdf
27-03-2024,Fase 06 Banco 950 malla Precorte,Ejecutada,12:41,https://pdaandacollo.teck.com/services/api/FileDownload/?filePath=\\Registro%20Acierto%20de%20Tronadura%20Teck%20CDA\2024\03.Marzo\Registro%20tronaduras%20ejecutadas%2027-03-2024.pdf
02-04-2024,Fase 06 Banco 950 mallas 15b-24a,Ejecutada,11:30,https://pdaandacollo.teck.com/services/api/FileDownload/?filePath=\\Registro%20Acierto%20de%20Tronadura%20Teck%20CDA\2024\04.Abril\Registro%20tronadura%20realizada%2002-04-2024.pdf
02-04-2024,Fase 06 Banco 950 malla Precorte,Ejecutada,11:30,https://pdaandacollo.teck.com/services/api/FileDownload/?filePath=\\Registro%20Acierto%20de%20Tronadura%20Teck%20CDA\2024\04.Abril\Registro%20tronadura%20realizada%2002-04-2024.pdf
02-04-2024,Fase 07 Banco 950 mallas 11b-12b,Ejecutada,11:21,https://pdaandacollo.teck.com/services/api/FileDownload/?filePath=\\Registro%20Acierto%20de%20Tronadura%20Teck%20CDA\2024\04.Abril\Registro%20tronadura%20realizada%2002-04-2024.pdf
02-04-2024,Fase 07 Banco 940 mallas 04a-05a,Ejecutada,11:26,https://pdaandacollo.teck.com/services/api/FileDownload/?filePath=\\Registro%20Acierto%20de%20Tronadura%20Teck%20CDA\2024\04.Abril\Registro%20tronadura%20realizada%2002-04-2024.pdf
09-04-2024,Fase 06 Banco 950 Malla 24B,Ejecutada,12:17,https://pdaandacollo.teck.com/services/api/FileDownload/?filePath=\\Registro%20Acierto%20de%20Tronadura%20Teck%20CDA\2024\04.Abril\Registro%20tronadura%20realizada%2009-04-2024.pdf
09-04-2024,Fase 06 Banco 950 Malla Precorte,Ejecutada,12:17,https://pdaandacollo.teck.com/services/api/FileDownload/?filePath=\\Registro%20Acierto%20de%20Tronadura%20Teck%20CDA\2024\04.Abril\Registro%20tronadura%20realizada%2009-04-2024.pdf
09-04-2024,Fase 06 Banco 940 Malla 24A,Ejecutada,12:24,https://pdaandacollo.teck.com/services/api/FileDownload/?filePath=\\Registro%20Acierto%20de%20Tronadura%20Teck%20CDA\2024\04.Abril\Registro%20tronadura%20realizada%2009-04-2024.pdf
09-04-2024,Fase 06 Banco 940 Malla Precorte,Ejecutada,12:24,https://pdaandacollo.teck.com/services/api/FileDownload/?filePath=\\Registro%20Acierto%20de%20Tronadura%20Teck%20CDA\2024\04.Abril\Registro%20tronadura%20realizada%2009-04-2024.pdf
09-04-2024,Fase 07 Banco 950 Malla 12C-13A,Ejecutada,13:33,https://pdaandacollo.teck.com/services/api/FileDownload/?filePath=\\Registro%20Acierto%20de%20Tronadura%20Teck%20CDA\2024\04.Abril\Registro%20tronadura%20realizada%2009-04-2024.pdf
11-04-2024,Fase 06 Banco 940 mallas 25A-27A,Ejecutada,12:14,https://pdaandacollo.teck.com/services/api/FileDownload/?filePath=\\Registro%20Acierto%20de%20Tronadura%20Teck%20CDA\2024\04.Abril\Registro%20tronadura%20realizada%2011-04-2024.pdf
11-04-2024,Fase 06 Banco 940 malla Precorte,Ejecutada,12:14,https://pdaandacollo.teck.com/services/api/FileDownload/?filePath=\\Registro%20Acierto%20de%20Tronadura%20Teck%20CDA\2024\04.Abril\Registro%20tronadura%20realizada%2011-04-2024.pdf
11-04-2024,0,Ejecutada,12:14,https://pdaandacollo.teck.com/services/api/FileDownload/?filePath=\\Registro%20Acierto%20de%20Tronadura%20Teck%20CDA\2024\04.Abril\Registro%20tronadura%20realizada%2011-04-2024.pdf
12-04-2024,Fase 07 Banco 940 mallas 01c,Ejecutada,10:21,https://pdaandacollo.teck.com/services/api/FileDownload/?filePath=\\Registro%20Acierto%20de%20Tronadura%20Teck%20CDA\2024\04.Abril\Registro%20tronadura%20realizada%2012-04-2024.pdf
12-04-2024,Fase 07 Banco 940 mallas 03b,Ejecutada,10:35,https://pdaandacollo.teck.com/services/api/FileDownload/?filePath=\\Registro%20Acierto%20de%20Tronadura%20Teck%20CDA\2024\04.Abril\Registro%20tronadura%20realizada%2012-04-2024.pdf
12-04-2024,Fase 07 Banco 950 mallas 08d-11c-12d,Ejecutada,10:39,https://pdaandacollo.teck.com/services/api/FileDownload/?filePath=\\Registro%20Acierto%20de%20Tronadura%20Teck%20CDA\2024\04.Abril\Registro%20tronadura%20realizada%2012-04-2024.pdf
12-04-2024,0,Ejecutada,10:39,https://pdaandacollo.teck.com/services/api/FileDownload/?filePath=\\Registro%20Acierto%20de%20Tronadura%20Teck%20CDA\2024\04.Abril\Registro%20tronadura%20realizada%2012-04-2024.pdf
20-04-2024,Fase 06 Banco 940 mallas 18d-21b-22b-23a,Ejecutada,10:12,https://pdaandacollo.teck.com/services/api/FileDownload/?filePath=\\Registro%20Acierto%20de%20Tronadura%20Teck%20CDA\2024\04.Abril\Registro%20tronadura%20realizada%2020-04-2024.pdf
20-04-2024,0,Ejecutada,10:12,https://pdaandacollo.teck.com/services/api/FileDownload/?filePath=\\Registro%20Acierto%20de%20Tronadura%20Teck%20CDA\2024\04.Abril\Registro%20tronadura%20realizada%2020-04-2024.pdf
23-04-2024,Fase 06 Banco 950 Malla 24D,Ejecutada,11:56,https://pdaandacollo.teck.com/services/api/FileDownload/?filePath=\\Registro%20Acierto%20de%20Tronadura%20Teck%20CDA\2024\04.Abril\Registro%20tronadura%20realizada%2023-04-2024.pdf
24-04-2024,Fase 06 Banco 940 Malla 23B-25B-27B,Ejecutada,13:28,https://pdaandacollo.teck.com/services/api/FileDownload/?filePath=\\Registro%20Acierto%20de%20Tronadura%20Teck%20CDA\2024\04.Abril\Registro%20tronadura%20realizada%2024-04-2024.pdf
24-04-2024,Fase 06 Banco 940 Malla PRECORTE,Ejecutada,13:28,https://pdaandacollo.teck.com/services/api/FileDownload/?filePath=\\Registro%20Acierto%20de%20Tronadura%20Teck%20CDA\2024\04.Abril\Registro%20tronadura%20realizada%2024-04-2024.pdf
29-04-2024,Fase 07 Banco 950 mallas 14a-15a,Ejecutada,11:20,https://pdaandacollo.teck.com/services/api/FileDownload/?filePath=\\Registro%20Acierto%20de%20Tronadura%20Teck%20CDA\2024\04.Abril\Registro%20tronadura%20realizada%2029-04-2024.pdf
29-04-2024,Fase 07 Banco 950 malla Precorte,Ejecutada,11:20,https://pdaandacollo.teck.com/services/api/FileDownload/?filePath=\\Registro%20Acierto%20de%20Tronadura%20Teck%20CDA\2024\04.Abril\Registro%20tronadura%20realizada%2029-04-2024.pdf
29-04-2024,Fase 07 Banco 940 mallas 03B-07A,Ejecutada,11:20,https://pdaandacollo.teck.com/services/api/FileDownload/?filePath=\\Registro%20Acierto%20de%20Tronadura%20Teck%20CDA\2024\04.Abril\Registro%20tronadura%20realizada%2029-04-2024.pdf
29-04-2024,Fase 06 Banco 940 mallas 18E-23C-27C,Ejecutada,11:30,https://pdaandacollo.teck.com/services/api/FileDownload/?filePath=\\Registro%20Acierto%20de%20Tronadura%20Teck%20CDA\2024\04.Abril\Registro%20tronadura%20realizada%2029-04-2024.pdf
18-04-2024,Fase 07 Banco 940 mallas 06a,Ejecutada,12:04,https://pdaandacollo.teck.com/services/api/FileDownload/?filePath=\\Registro%20Acierto%20de%20Tronadura%20Teck%20CDA\2024\04.Abril\Registro%20tronadura%20realizadas%20y%20suspendida%2018-04-2024.pdf
18-04-2024,Fase 07 Banco 940 malla Precorte,Ejecutada,12:04,https://pdaandacollo.teck.com/services/api/FileDownload/?filePath=\\Registro%20Acierto%20de%20Tronadura%20Teck%20CDA\2024\04.Abril\Registro%20tronadura%20realizadas%20y%20suspendida%2018-04-2024.pdf
18-04-2024,Fase 06 Banco 940 mallas 19e-20d-24b-26a,Ejecutada,12:12,https://pdaandacollo.teck.com/services/api/FileDownload/?filePath=\\Registro%20Acierto%20de%20Tronadura%20Teck%20CDA\2024\04.Abril\Registro%20tronadura%20realizadas%20y%20suspendida%2018-04-2024.pdf
18-04-2024,Fase 06 Banco 940 mallas precorte,Ejecutada,12:12,https://pdaandacollo.teck.com/services/api/FileDownload/?filePath=\\Registro%20Acierto%20de%20Tronadura%20Teck%20CDA\2024\04.Abril\Registro%20tronadura%20realizadas%20y%20suspendida%2018-04-2024.pdf
18-04-2024,Fase 06 Banco 940 mallas 18d-21b-22b-23a,Suspendida por condición de viento,17:00,https://pdaandacollo.teck.com/services/api/FileDownload/?filePath=\\Registro%20Acierto%20de%20Tronadura%20Teck%20CDA\2024\04.Abril\Registro%20tronadura%20realizadas%20y%20suspendida%2018-04-2024.pdf
22-04-2024,Fase 07 Banco 940 Malla 3C,Ejecutada,12:40,https://pdaandacollo.teck.com/services/api/FileDownload/?filePath=\\Registro%20Acierto%20de%20Tronadura%20Teck%20CDA\2024\04.Abril\Registro%20tronaduras%20realizadas%20y%20suspendidas%2022-04-2024.pdf
22-04-2024,Fase 07 Banco 940 Malla 6B,Ejecutada,13:03,https://pdaandacollo.teck.com/services/api/FileDownload/?filePath=\\Registro%20Acierto%20de%20Tronadura%20Teck%20CDA\2024\04.Abril\Registro%20tronaduras%20realizadas%20y%20suspendidas%2022-04-2024.pdf
22-04-2024,Fase 07 Banco 940 Malla Precorte,Ejecutada,13:03,https://pdaandacollo.teck.com/services/api/FileDownload/?filePath=\\Registro%20Acierto%20de%20Tronadura%20Teck%20CDA\2024\04.Abril\Registro%20tronaduras%20realizadas%20y%20suspendidas%2022-04-2024.pdf
22-04-2024,Fase 06 Banco 940 Malla 24D,Suspendida por condición operacional,11:00,https://pdaandacollo.teck.com/services/api/FileDownload/?filePath=\\Registro%20Acierto%20de%20Tronadura%20Teck%20CDA\2024\04.Abril\Registro%20tronaduras%20realizadas%20y%20suspendidas%2022-04-2024.pdf
02-05-2024,Fase 07 Banco 950 Malla 14B,Ejecutada,12:05,https://pdaandacollo.teck.com/services/api/FileDownload/?filePath=\\Registro%20Acierto%20de%20Tronadura%20Teck%20CDA\2024\05.%20Mayo\Registro%20tronadura%20realizada%2002-05-2024.pdf
02-05-2024,Fase 07 Banco 950 Malla Precorte,Ejecutada,12:05,https://pdaandacollo.teck.com/services/api/FileDownload/?filePath=\\Registro%20Acierto%20de%20Tronadura%20Teck%20CDA\2024\05.%20Mayo\Registro%20tronadura%20realizada%2002-05-2024.pdf
03-05-2024,Fase 06 Banco 940 Malla 25C-28A,Ejecutada,12:11,https://pdaandacollo.teck.com/services/api/FileDownload/?filePath=\\Registro%20Acierto%20de%20Tronadura%20Teck%20CDA\2024\05.%20Mayo\Registro%20tronadura%20realizada%2003-05-2024.pdf
03-05-2024,Fase 06 Banco 940 Malla Precorte,Ejecutada,12:11,https://pdaandacollo.teck.com/services/api/FileDownload/?filePath=\\Registro%20Acierto%20de%20Tronadura%20Teck%20CDA\2024\05.%20Mayo\Registro%20tronadura%20realizada%2003-05-2024.pdf
06-05-2024,Fase 06 Banco 930 malla 99A,Ejecutada,10:30,https://pdaandacollo.teck.com/services/api/FileDownload/?filePath=\\Registro%20Acierto%20de%20Tronadura%20Teck%20CDA\2024\05.%20Mayo\Registro%20tronadura%20realizada%2006-05-2024.pdf
06-05-2024,Fase 06 Banco 940 malla 18E-22C,Ejecutada,10:30,https://pdaandacollo.teck.com/services/api/FileDownload/?filePath=\\Registro%20Acierto%20de%20Tronadura%20Teck%20CDA\2024\05.%20Mayo\Registro%20tronadura%20realizada%2006-05-2024.pdf
06-05-2024,0,Ejecutada,10:30,https://pdaandacollo.teck.com/services/api/FileDownload/?filePath=\\Registro%20Acierto%20de%20Tronadura%20Teck%20CDA\2024\05.%20Mayo\Registro%20tronadura%20realizada%2006-05-2024.pdf
13-05-2024,Fase 07 Banco 940 malla 03e-07b,Ejecutada,12:55,https://pdaandacollo.teck.com/services/api/FileDownload/?filePath=\\Registro%20Acierto%20de%20Tronadura%20Teck%20CDA\2024\05.%20Mayo\Registro%20tronadura%20realizada%2013-05-2024.pdf
13-05-2024,Fase 07 Banco 950 malla 15b,Ejecutada,12:55,https://pdaandacollo.teck.com/services/api/FileDownload/?filePath=\\Registro%20Acierto%20de%20Tronadura%20Teck%20CDA\2024\05.%20Mayo\Registro%20tronadura%20realizada%2013-05-2024.pdf
13-05-2024,Fase 07 Banco 950 malla precorte,Ejecutada,12:55,https://pdaandacollo.teck.com/services/api/FileDownload/?filePath=\\Registro%20Acierto%20de%20Tronadura%20Teck%20CDA\2024\05.%20Mayo\Registro%20tronadura%20realizada%2013-05-2024.pdf
13-05-2024,Fase 06 Banco 930 malla 08a,Ejecutada,12:59,https://pdaandacollo.teck.com/services/api/FileDownload/?filePath=\\Registro%20Acierto%20de%20Tronadura%20Teck%20CDA\2024\05.%20Mayo\Registro%20tronadura%20realizada%2013-05-2024.pdf
15-05-2024,Fase 06 Banco 930 malla 09a,Ejecutada,10:38,https://pdaandacollo.teck.com/services/api/FileDownload/?filePath=\\Registro%20Acierto%20de%20Tronadura%20Teck%20CDA\2024\05.%20Mayo\Registro%20tronadura%20realizada%2015-05-2024.pdf
15-05-2024,Fase 06 Banco 940 mallas 28b-29a,Ejecutada,10:49,https://pdaandacollo.teck.com/services/api/FileDownload/?filePath=\\Registro%20Acierto%20de%20Tronadura%20Teck%20CDA\2024\05.%20Mayo\Registro%20tronadura%20realizada%2015-05-2024.pdf
